<?xml version="1.0" encoding="UTF-8" standalone="yes"?>

<addon id="contextItem.repo"
       name="ContextItem Repo"
       version="1.0.0"
       provider-name="Fice">
    <extension point="xbmc.addon.repository" name="Context Item Test Repo">
      <info compressed="true">
          https://raw.github.com/Fice/xbmc_contextItems_repo/master/addons.xml
      </info>
      <checksum>       https://raw.github.com/Fice/xbmc_contextItems_repo/master/addons.xml.md5
      </checksum>
      <datadir zip="true">https://raw.github.com/Fice/xbmc_contextItems_repo/master/</datadir>
  </extension>
  <extension point="xbmc.addon.metadata">
      <summary>Just a test repo for the context item addons</summary>
      <description>Just a test repo for the context item addons</description>
  </extension>
</addon>
